{
  "created_at": "2025-12-07 03:53:05",
  "adversarial_oof_auc": 0.6748896360238095,
  "weight_clip_low": 0.18477142095565796,
  "weight_clip_high": 1.751996440887452,
  "n_bins": 10,
  "min_stratum_count": 24262,
  "avg_best_iteration": 1992.8
}